제목,시작날짜,종료날짜,남은일수,링크주소
코코넛 스매시 챌린지,2023-07-13,2023-08-30,44,https://www.inven.co.kr/board/maple/2314/7727
트로피컬 어드벤처,2023-07-13,2023-08-09,23,https://www.inven.co.kr/board/maple/2314/7726
티스크의 식량 창고,2023-07-13,2023-08-09,23,https://www.inven.co.kr/board/maple/2314/7724
토옹의 기도,2023-07-13,2023-08-09,23,https://www.inven.co.kr/board/maple/2314/7723
NEW AGE 제로백,2023-07-13,2023-08-30,44,https://www.inven.co.kr/board/maple/2314/7722
바람 주화 상점,2023-06-15,2023-09-03,48,https://www.inven.co.kr/board/maple/2314/7651
이덴티스크의 선물,2023-06-15,2023-08-30,44,https://www.inven.co.kr/board/maple/2314/7650
이덴티스크 탐험,2023-06-15,2023-08-30,44,https://www.inven.co.kr/board/maple/2314/7646
버닝 월드,2023-06-15,2023-08-31,45,https://www.inven.co.kr/board/maple/2314/7645
 PC방 접속 보상 이벤트,2023-06-16,2023-08-03,17,https://www.inven.co.kr/board/maple/2314/7642
하이퍼 버닝,2023-06-15,2023-08-30,44,https://www.inven.co.kr/board/maple/2314/7641
